<?xml version="1.0" encoding="utf-8" standalone="yes" ?>
<achievements>
  <!-- Milestone Achievements -->
  <achievement apiname="FinishedLevelsStep1" title="Millimeter" points="6" description="Complete 12 normal levels"
               help="http://www.tudou.com/playlist/id/15540683/" />
  <achievement apiname="FinishedLevelsStep2" title="Centimeter" points="9" description="Complete 24 normal levels"
               help="http://www.tudou.com/playlist/id/15540683/" />
  <achievement apiname="FinishedLevelsStep3" title="Decimeter" points="10" description="Complete 36 normal levels"
               help="http://www.tudou.com/playlist/id/15540683/" />
  <achievement apiname="FinishedNormalLevels" title="Meter" points="10" description="Complete 45 normal levels"
               help="http://www.tudou.com/playlist/id/15540683/" />
  <achievement apiname="FinishedAllOriginalLevels" title="Kilometer" points="15"
               description="Complete all normal levels" help="http://www.tudou.com/playlist/id/15540683/" />
  <achievement apiname="FinishedBonusLevels" title="Decameter" points="15" description="Complete all bonus levels"
               help="http://www.tudou.com/playlist/id/15540690/" />
  <achievement apiname="FinishedExtendedLevels" title="Hectometer" points="15"
               description="Complete all extended levels" help="http://www.tudou.com/playlist/id/15540688/" />
  <achievement apiname="AllPrisms" title="Rainbow" points="25" description="Collect all prisms in the normal levels"
               help="http://www.tudou.com/playlist/id/15540683/" />
  <achievement apiname="AllPrismsOriginalLevels" title="Double Rainbow" description="Collect all prisms in the game"
               points="25" help="http://www.tudou.com/home/playlist_u112031677p1.html" />

  <!-- Edge Time Achievements -->
  <achievement apiname="EdgeTimeShortSmall" title="Microsecond" points="15"
               description="Get 10 seconds of EDGE time as a mini cube"
               help="http://www.tudou.com/listplay/Y_giS1VJoBU/DPgK0xaWma8.html" />
  <achievement apiname="EdgeTimeShort" title="Second" points="8" description="Get 10 seconds of EDGE time"
               help="http://www.tudou.com/listplay/Y_giS1VJoBU/rToZjgN5QpU.html" />
  <achievement apiname="EdgeTimeMedium" title="Minute" points="10" description="Get 30 seconds of EDGE time"
               help="http://www.tudou.com/listplay/Y_giS1VJoBU/rToZjgN5QpU.html" />
  <achievement apiname="EdgeTimeLong" title="Hour" points="15" description="Get 60 seconds of EDGE time"
               help="http://www.tudou.com/listplay/Y_giS1VJoBU/rToZjgN5QpU.html" />
  <achievement apiname="EdgeTimeMovingPlatform" title="Hitchhike" points="25"
               description="Get 30 seconds of EDGE time on a moving platform"
               help="http://www.tudou.com/listplay/Y_giS1VJoBU/rToZjgN5QpU.html" />
  <achievement apiname="EdgeTimeOnBumper" title="Daredevil" points="15"
               help="http://www.tudou.com/listplay/Y_giS1VJoBU/yrWDTzIWiPg.html"
               description="Get more than 0.5 seconds of EDGE time on the active side of a bumper" />
  <achievement apiname="EdgeTimeOnFloor" title="Balance" points="25"
               description="Balance on the floor for at least 5 seconds"
               help="http://www.tudou.com/listplay/Y_giS1VJoBU/YtqcqhG3UZU.html" />
  <achievement apiname="EdgeTimeBackpack" title="Backpack" points="25"
               help="http://www.tudou.com/listplay/Y_giS1VJoBU/qBi7Qs7urI0.html"
               description="Get at least 8 seconds of EDGE time on the human figure in &quot;edge time&quot;" />
  <achievement apiname="EdgeTimeDroppedByPlatform" title="Dropoff" points="8"
               help="http://www.tudou.com/listplay/Y_giS1VJoBU/q5uI8HfBsHI.html"
               description="Get dropped off by a platform and continue hanging on the wall" />
  <achievement apiname="EdgeTimeGrabbedByPlatform" title="Pickup" points="8"
               description="Get picked up by a platform while hanging on an edge"
               help="http://www.tudou.com/listplay/Y_giS1VJoBU/kOFns_5fWEU.html" />
  <achievement apiname="EdgeTimeRoundtripByPlatform" title="Roundtrip"
               help="http://www.tudou.com/listplay/Y_giS1VJoBU/oVJyDyQQX5A.html"
               points="10" description="Get picked up by a platform and then dropped off by a platform" />
  <achievement apiname="EdgeTimeOnAllClimbs" title="Edgaholic" points="15"
               help="http://www.tudou.com/listplay/Y_giS1VJoBU/Y9mOVws2P20.html"
               description="Finish a level by getting EDGE time on every edge climbed" />

  <!-- Skill Achievements -->
  <achievement apiname="Fall" title="Long Fall" points="8" description="Fall more than 16 meters and survive"
               help="http://www.tudou.com/listplay/Y_giS1VJoBU/n3UvG-DnpAg.html" />
  <achievement apiname="CubeCrushed" title="Compact" points="9" description="Get crushed 10 times"
               help="http://www.tudou.com/listplay/Y_giS1VJoBU/KFBw3rZCPAs.html" />
  <achievement apiname="Winter" title="Snowblind" points="8"
               help="http://www.tudou.com/listplay/Y_giS1VJoBU/YY6JVTMqFNo.html"
               description="Find the six hidden switches in the snow-covered levels in December" />
  <achievement apiname="FinishedLevelWithNoPrisms" title="Colorblind" points="15"
               description="Finish a level without collecting any prisms"
               help="http://www.tudou.com/listplay/Y_giS1VJoBU/VQFFFI8K3CI.html" />
  <achievement apiname="FinishedLevelWithSmallCube" title="Pinhole" points="15"
               description="Finish a level in mini form"
               help="http://www.tudou.com/listplay/Y_giS1VJoBU/UyVORDpxj2A.html" />
  <achievement apiname="AllLevelsARank" title="A-list" points="25" description="Get an A rank on all normal levels"
               help="http://www.tudou.com/playlist/id/15540683/" />
  <achievement apiname="AllLevelsSPlusRank" title="Stardom" points="25"
               description="Get an S+ rank on all normal levels"
               help="http://www.tudou.com/playlist/id/15540683/" />


  <!-- Button Achievements (sort by achievement ID) -->
  <achievement apiname="id_Invader" title="Invader" points="25" description="Get on top of an invader"
               help="http://www.tudou.com/listplay/Y_giS1VJoBU/-3vnOX3-RUI.html" />
  <achievement apiname="id_EnemyOfMyEnemy" title="An enemy of my enemy" points="25"
               description="Cross the block-enemy section in &quot;cube invaders&quot; without activating any of the three bridges"
               help="http://www.tudou.com/listplay/Y_giS1VJoBU/MBzcKf4eOXo.html" />
  <achievement apiname="id_Subway" title="Subway" points="25" description="Ride the complete subway track"
               help="http://www.tudou.com/listplay/Y_giS1VJoBU/0RBXT4qDzvA.html" />
  <achievement apiname="id_QuickResponse" title="Quick response" points="10" description="Find the QR code"
               help="http://www.tudou.com/listplay/Y_giS1VJoBU/hkpwW9s4ts8.html" />
  <achievement apiname="id_TumblingTravels" title="Tumbling travels" points="25"
               description="Grab the prism after the wall sequence in &quot;higher&quot; as mini cube"
               help="http://www.tudou.com/listplay/Y_giS1VJoBU/rVWSFerNbrY.html" />
  <achievement apiname="id_PerfectLanding" title="Perfect landing" points="10"
               description="Fall directly on the exit square in &quot;star castle&quot;"
               help="http://www.tudou.com/listplay/Y_giS1VJoBU/scACHtfEAUU.html" />
  <achievement apiname="id_Jumper" title="Jumper" points="15"
               description="Jump on top of a car in &quot;peripherique&quot;"
               help="http://www.tudou.com/listplay/Y_giS1VJoBU/0djNhBfuIgA.html" />
  <achievement apiname="id_TurnstileJumper" title="Turnstile jumper" points="15" description="Evade the subway fare"
               help="http://www.tudou.com/listplay/Y_giS1VJoBU/Xx4G_RLmNqI.html" />
  <achievement apiname="id_Chicken" title="Chicken" points="25" description="Find Toki Tori"
               help="http://www.tudou.com/listplay/Y_giS1VJoBU/q6aLyRg3LWk.html" />
  <achievement apiname="id_NailedIt" title="Nailed it" points="25"
               description="Get to the exit of &quot;hammer&quot; fast"
               help="http://www.tudou.com/listplay/Y_giS1VJoBU/b_-q5bpVHr0.html" />
  <achievement apiname="id_Monkey" title="Monkey" points="25"
               description="Unleash the nibbling totem monkey head in &quot;babylonian&quot;"
               help="http://www.tudou.com/listplay/Y_giS1VJoBU/YgLPeP4rdZI.html" />
  <achievement apiname="id_MythicalBird" title="Mythical bird" points="25"
               description="Summon the mythical bird in &quot;mystic&quot;"
               help="http://www.tudou.com/listplay/NIPTWBQ1PCY/3jW56zL5Xhs.html" />
  <achievement apiname="id_Shuffle" title="Shuffled" points="15" description="Get shuffled in &quot;magic&quot;"
               help="http://www.tudou.com/listplay/NIPTWBQ1PCY/14kH5K6w8sU.html" />
  <achievement apiname="id_Stubborn" title="Stubborn" points="25"
               help="http://www.tudou.com/listplay/Y_giS1VJoBU/7TOYER0unAs.html"
               description="Press the first nine switches in &quot;don't click!&quot; and finish the level" />
  <achievement apiname="id_HardWired" title="Hard wired" points="25"
               description="Don't skip any of the moving wires in &quot;wire&quot;"
               help="http://www.tudou.com/listplay/Y_giS1VJoBU/rqShXs-KGJA.html" />
  <achievement apiname="id_Hitchup" title="Hitchup" points="25"
               help="http://www.tudou.com/listplay/Y_giS1VJoBU/zAj1JQgROng.html"
               description="Escape the clutch of the elevator in &quot;star dust&quot; and get across" />
  <achievement apiname="id_Minimalist" title="Minimalist" points="25"
               help="http://www.tudou.com/listplay/Y_giS1VJoBU/TsNOI9c9P-k.html"
               description="Use only one of the nine switches at the end of &quot;click&quot;" />
  <achievement apiname="id_Flag" title="Flag" points="25" description="Climb the flag in &quot;highest flag&quot;"
               help="http://www.tudou.com/listplay/Y_giS1VJoBU/StIXeczkjjM.html" />
  <achievement apiname="id_LeapOfFaith" title="Leap of faith" points="15" description="Take a leap of faith"
               help="http://www.tudou.com/listplay/NIPTWBQ1PCY/Ae-GtfV6LP0.html" />
</achievements>