<?xml version="1.0" encoding="utf-16"?>
<levels>
	<standard special_locked_level_count="3">
		<level filename="level309" leaderboard_id="44875" name_sfx="1st_contact" />
		<level filename="level300" leaderboard_id="44881" name_sfx="training" />
		<level filename="level310" leaderboard_id="44878" name_sfx="playground" />
		<level filename="level36" leaderboard_id="44906" name_sfx="pushing_stars" />
		<level filename="level201" leaderboard_id="44907" name_sfx="bump" />
		<level filename="level37" leaderboard_id="44908" name_sfx="city_rythm" />
		<level filename="level311" leaderboard_id="44909" name_sfx="speedrun" />
		<level filename="level38" leaderboard_id="44877" name_sfx="milky_way" />
		<level filename="level59" leaderboard_id="44910" name_sfx="8bit" />
		<level filename="level301" leaderboard_id="44911" name_sfx="metro" />
		<level filename="level40" leaderboard_id="44912" name_sfx="mini_me" />
		<level filename="level43" leaderboard_id="44913" name_sfx="vertex" />
		<level filename="level206" leaderboard_id="44914" name_sfx="equalizer" />
		<level filename="level312" leaderboard_id="44879" name_sfx="peripherique" />
		<level filename="level44" leaderboard_id="44880" name_sfx="time_machine" />
		<level filename="level42" leaderboard_id="44915" name_sfx="mind_the_gap" />
		<level filename="level315" leaderboard_id="44916" name_sfx="edge_code" />
		<level filename="level45" leaderboard_id="44917" name_sfx="edge_time" />
		<level filename="level46" leaderboard_id="44918" name_sfx="chase" />
		<level filename="level60" leaderboard_id="44919" name_sfx="landing" />
		<level filename="level307" leaderboard_id="44920" name_sfx="chess" />
		<level filename="level48" leaderboard_id="44921" name_sfx="switch_keep" />
		<level filename="level202" leaderboard_id="44922" name_sfx="mecanic" />
		<level filename="level305" leaderboard_id="44923" name_sfx="higher" />
		<level filename="level41" leaderboard_id="44924" name_sfx="squadron" />
		<level filename="level303" leaderboard_id="44925" name_sfx="metronome" />
		<level filename="level49" leaderboard_id="44926" name_sfx="orion" />
		<level filename="level302" leaderboard_id="44927" name_sfx="try_again" />
		<level filename="level204" leaderboard_id="44928" name_sfx="hypnozone" />
		<level filename="level304" leaderboard_id="44929" name_sfx="beat" />
		<level filename="level52" leaderboard_id="44930" name_sfx="star_castle" />
		<level filename="level308" leaderboard_id="44931" name_sfx="sticker" />
		<level filename="level50" leaderboard_id="44932" name_sfx="sync_the_wall" />
		<level filename="level306" leaderboard_id="44933" name_sfx="snap" />
		<level filename="level51" leaderboard_id="44934" name_sfx="braintonic" />
		<level filename="level313" leaderboard_id="44935" name_sfx="2nd_contact" />
		<level filename="level47" leaderboard_id="44936" name_sfx="jungle_fever" />
		<level filename="level314" leaderboard_id="44937" name_sfx="speedrun_2" />
		<level filename="level53" leaderboard_id="44938" name_sfx="edge_master" />
		<level filename="level54" leaderboard_id="44939" name_sfx="cube_invaders" />
		<level filename="level317" leaderboard_id="44940" name_sfx="starfield" />
		<level filename="level319" leaderboard_id="44941" name_sfx="bonus" />
		<level filename="level318" leaderboard_id="44942" name_sfx="extra_cube" />
		<level filename="level222" leaderboard_id="44943" name_sfx="sliced" />
		<level filename="level221" leaderboard_id="44944" name_sfx="earthquake" />
		<level filename="level220" leaderboard_id="44945" name_sfx="vertigo" />
		<level filename="level400" leaderboard_id="44946" name_sfx="push_me" />
		<level filename="level401" leaderboard_id="44947" name_sfx="perfect_cell" />
	</standard>
	
	<bonus special_locked_level_count="0">
		<level filename="hangout_815" leaderboard_id="46329" name_sfx="hangout" />
		<level filename="hammer_810" leaderboard_id="44957" name_sfx="hammer" />
		<level filename="compost_805" leaderboard_id="44952" name_sfx="compost" />
		<level filename="babylonian_817" leaderboard_id="46331" name_sfx="babylonian" />
		<level filename="swirl_801" leaderboard_id="44948" name_sfx="swirl" />
		<level filename="density_806" leaderboard_id="44953" name_sfx="density" />
		<level filename="magic_811" leaderboard_id="46332" name_sfx="magic" />
		<level filename="cubism_808" leaderboard_id="44955" name_sfx="cubism" />
		<level filename="mystic_813" leaderboard_id="45472" name_sfx="mystic" />
		<level filename="indiana_804" leaderboard_id="44951" name_sfx="indiana" />
		<level filename="chunk_816" leaderboard_id="47383" name_sfx="chunk" />
		<level filename="goliath_812" leaderboard_id="47385" name_sfx="goliath" />
		<level filename="fourohfour_818" leaderboard_id="47387" name_sfx="404" />
		<level filename="gears_802" leaderboard_id="47389" name_sfx="gears" />
		<level filename="fireworks_800" leaderboard_id="47391" name_sfx="fireworks" />
		<level filename="zias_850" leaderboard_id="91709" name_sfx="zias" />
		<level filename="winners_820" leaderboard_id="53400" name_sfx="winners" />
	    <level filename="level574" leaderboard_id="70574" name_sfx="crystal_mine" />
	    <level filename="level570" leaderboard_id="70570" name_sfx="remember" />
	    <level filename="level572" leaderboard_id="70572" name_sfx="zero" />
	    <level filename="level560" leaderboard_id="70560" name_sfx="the_wall" />
	    <level filename="level563" leaderboard_id="70563" name_sfx="rush" />
	    <level filename="level564" leaderboard_id="70564" name_sfx="cubing_machine" />
	    <level filename="level561" leaderboard_id="70561" name_sfx="the_wall_2" />
	    <level filename="level567" leaderboard_id="70567" name_sfx="black_way" />
	    <level filename="level568" leaderboard_id="70568" name_sfx="curious_land" />
	    <level filename="level562" leaderboard_id="70562" name_sfx="the_wall_3" />
	    <level filename="level575" leaderboard_id="70575" name_sfx="little_seed" />
	    <level filename="level569" leaderboard_id="70569" name_sfx="space_noise" />
	    <level filename="level571" leaderboard_id="70571" name_sfx="magic_maze" />
	    <level filename="level566" leaderboard_id="70566" name_sfx="piano" />
	    <level filename="level573" leaderboard_id="70573" name_sfx="star_heart" />
	    <level filename="level554" leaderboard_id="70554" name_sfx="path_of_piracy" />
    </bonus>
	
	<extended special_locked_level_count="3">
		<level filename="level535_3D" leaderboard_id="57835" name_sfx="ex_01_first_step" />
		<level filename="level536" leaderboard_id="57831" name_sfx="ex_02_climbing" />
		<level filename="level537" leaderboard_id="57829" name_sfx="ex_03_moving_walls" />
		<level filename="level538" leaderboard_id="57833" name_sfx="ex_04_click" />
		<level filename="level539" leaderboard_id="57837" name_sfx="ex_05_black_robot" />
		<level filename="level541" leaderboard_id="57839" name_sfx="ex_06_dark_cube" />
		<level filename="level500" leaderboard_id="57841" name_sfx="ex_07_roots" />
		<level filename="level548" leaderboard_id="57843" name_sfx="ex_08_flick" />
		<level filename="level540" leaderboard_id="57845" name_sfx="ex_09_lying_bridge" />
	    <level filename="level556" leaderboard_id="70556" name_sfx="minicube" />
		<level filename="level511" leaderboard_id="57847" name_sfx="ex_10_crateria" />
	    <level filename="level555" leaderboard_id="70555" name_sfx="furious_bot" />
		<level filename="level512" leaderboard_id="57849" name_sfx="ex_11_stratosphere" />
	    <level filename="level557" leaderboard_id="70557" name_sfx="vertical_way" />
		<level filename="level519" leaderboard_id="57851" name_sfx="ex_12_tiny_road" />
		<level filename="level510" leaderboard_id="57853" name_sfx="ex_13_cloudy_way" />
		<level filename="level526" leaderboard_id="57855" name_sfx="ex_14_walled_up_race" />
		<level filename="level508" leaderboard_id="57857" name_sfx="ex_15_sugar_ground" />
	    <level filename="level558" leaderboard_id="70558" name_sfx="cargo" />
		<level filename="level546" leaderboard_id="57859" name_sfx="ex_16_dark_edge_time" />
		<level filename="level507" leaderboard_id="57861" name_sfx="ex_17_trench" />
		<level filename="level524" leaderboard_id="57863" name_sfx="ex_18_paper_wall" />
		<level filename="level516" leaderboard_id="57865" name_sfx="ex_19_claustrophobia" />
		<level filename="level553" leaderboard_id="57867" name_sfx="ex_20_electric_way" />
		<level filename="level509" leaderboard_id="57869" name_sfx="ex_21_impulse_maze" />
		<level filename="level523" leaderboard_id="57871" name_sfx="ex_22_far" />
		<level filename="level545" leaderboard_id="57873" name_sfx="ex_23_deadly_race" />
		<level filename="level522" leaderboard_id="57875" name_sfx="ex_24_dont_click" />
		<level filename="level518" leaderboard_id="57877" name_sfx="ex_25_white_spring" />
		<level filename="level533" leaderboard_id="57879" name_sfx="ex_26_hurry" />
		<level filename="level528" leaderboard_id="57881" name_sfx="ex_27_blind" />
		<level filename="level542" leaderboard_id="57883" name_sfx="ex_28_wire" />
		<level filename="level521" leaderboard_id="57885" name_sfx="ex_29_hyperphase" />
		<level filename="level532" leaderboard_id="57887" name_sfx="ex_30_star_factory" />
		<level filename="level514" leaderboard_id="57889" name_sfx="ex_31_star_dust" />
		<level filename="level531" leaderboard_id="57891" name_sfx="ex_32_destructuring" />
		<level filename="level520" leaderboard_id="57893" name_sfx="ex_33_black_hole" />
		<level filename="level600" leaderboard_id="57895" name_sfx="ex_34_robot_sport" />
		<level filename="level525" leaderboard_id="57897" name_sfx="ex_35_cube_fall" />
		<level filename="level517" leaderboard_id="57899" name_sfx="ex_36_galaxy_rail" />
		<level filename="level544" leaderboard_id="57901" name_sfx="ex_37_voodoo_dance" />
		<level filename="level530" leaderboard_id="57903" name_sfx="ex_38_highest_flag" />
		<level filename="level515" leaderboard_id="57905" name_sfx="ex_39_geometric_snake" />
		<level filename="level527" leaderboard_id="57907" name_sfx="ex_40_rodeo" />
		<level filename="level547" leaderboard_id="57909" name_sfx="ex_41_final_clash" />
		<level filename="level534" leaderboard_id="57911" name_sfx="ex_42_pushy" />
		<level filename="level551" leaderboard_id="57913" name_sfx="ex_43_arcsector" />
		<level filename="level550" leaderboard_id="57915" name_sfx="ex_44_timorg" />
	</extended>
</levels>